Song,Artist
Amber,311
Beautiful Disaster,311
Down,311
Caught Up in You,.38 Special
Here Without You,3 Doors Down
Kryptonite,3 Doors Down
When I'm Gone,3 Doors Down
When You're Young,3 Doors Down
Attack,30 Seconds to Mars
Closer to the Edge,30 Seconds to Mars
Rescue Me,30 Seconds to Mars
The Kill,30 Seconds to Mars
This Is War,30 Seconds to Mars
What's Up?,4 Non Blondes
She Looks So Perfect,5 Seconds Of Summer
All I Want,A Day to Remember
Better Off This Way,A Day To Remember
"I'm Made of Wax, Larry, What Are You Made Of?",A Day to Remember
If It Means a Lot to You,A Day to Remember
It's Complicated,A Day To Remember
Mindreader,A Day to Remember
Paranoia,A Day to Remember
Resentment,A Day to Remember
Sticks & Bricks,A Day To Remember
The Downfall of Us All,A Day to Remember
The Plot To Bomb The Panhandle,A Day To Remember
Take On Me,a-ha
Back in Black,AC/DC
Dirty Deeds Done Dirt Cheap,AC/DC
Fire Your Guns,AC/DC
For Those About To Rock (We Salute You),AC/DC
Heatseeker,AC/DC
Hell Ain't A Bad Place To Be,AC/DC
Hells Bells,AC/DC
High Voltage,AC/DC
Highway To Hell,AC/DC
Jailbreak,AC/DC
Let There Be Rock,AC/DC
Moneytalks,AC/DC
Shoot To Thrill,AC/DC
Shot in the Dark,AC/DC
T.N.T.,AC/DC
The Jack,AC/DC
Thunderstruck,AC/DC
Whole Lotta Rosie,AC/DC
You Shook Me All Night Long,AC/DC
All That She Wants,Ace of Base
The Sign,Ace of Base
Hair Trigger,Acro-Brats
Angel,Aerosmith
Back in the Saddle,Aerosmith
Crazy,Aerosmith
Cryin',Aerosmith
Dream On (Live),Aerosmith
Dude (Looks Like a Lady),Aerosmith
Eat the Rich,Aerosmith
I Don't Want to Miss a Thing,Aerosmith
Janie's Got a Gun,Aerosmith
Legendary Child,Aerosmith
Livin' on the Edge,Aerosmith
Love in an Elevator,Aerosmith
Lover Alot,Aerosmith
Rag Doll,Aerosmith
Rats in the Cellar,Aerosmith
Seasons of Wither,Aerosmith
Sweet Emotion,Aerosmith
Toys in the Attic,Aerosmith
Train Kept A-Rollin',Aerosmith
Walk This Way,Aerosmith
Beautiful Thieves,AFI
End Transmission,AFI
Far Too Near,AFI
Love Like Winter,AFI
Medicate,AFI
Miss Murder,AFI
The Leaving Song Pt. II,AFI
Thrash Unreal,Against Me!
Bang!,AJR
Way Less Sad,AJR
Sober Up,AJR feat. Rivers Cuomo
You Oughta Know,Alanis Morissette
Shipwrecked,Alestorm
Feed My Frankenstein,Alice Cooper
Check My Brain,Alice in Chains
Down in a Hole,Alice in Chains
Man in the Box,Alice in Chains
No Excuses,Alice in Chains
Rooster,Alice in Chains
Them Bones,Alice in Chains
Would?,Alice in Chains
Mercy Me,Alkaline Trio
Two Weeks,All That Remains
What If I Was Nothing,All That Remains
"Dear Maria, Count Me In",All Time Low
Some Kind of Disaster,All Time Low
Weightless,All Time Low
Monsters,All Time Low ft. Blackbear
Dirty Little Secret,All-American Rejects
Gives You Hell,All-American Rejects
Gonzo,All-American Rejects
Kids in the Street,All-American Rejects
Move Along,All-American Rejects
Real World,All-American Rejects
"Swing, Swing",All-American Rejects
Rehab,Amy Winehouse
Collide,Anarchy Club
Feel Good Drag,Anberlin
Euphoria,Angels & Airwaves
It Hurts,Angels & Airwaves
Sink,Animal Flag
Caught in a Mosh,Anthrax
Animals,Architects
Learn to Live,Architects
When We Were Young,Architects
Arabella,Arctic Monkeys
R U Mine?,Arctic Monkeys
Respect ,Aretha Franklin
Heat of the Moment,Asia
Antisocialist,Asking Alexandria
Open Water,Assuming We Survive
One Armed Scissor,At the Drive-In
Like a Stone,Audioslave
Afterlife,Avenged Sevenfold
Bat Country,Avenged Sevenfold
Beast and the Harlot,Avenged Sevenfold
Critical Acclaim,Avenged Sevenfold
God Damn,Avenged Sevenfold
Hail to the King,Avenged Sevenfold
Nightmare,Avenged Sevenfold
Nobody,Avenged Sevenfold
Scream,Avenged Sevenfold
Seize the Day,Avenged Sevenfold
Shepherd of Fire,Avenged Sevenfold
So Far Away,Avenged Sevenfold
The Stage,Avenged Sevenfold
Unholy Confessions,Avenged Sevenfold
Welcome to the Family,Avenged Sevenfold
Complicated,Avril Lavigne
My Happy Ending,Avril Lavigne
What the Hell,Avril Lavigne
Sk8er Boi,Avril Lavigne 
Love It When You Hate Me,Avril Lavigne (Featuring Blackbear)
Takin' Care of Business,Bachman–Turner Overdrive
Bad Company,Bad Company
Just Pretend ,Bad Omens
Sorrow,Bad Religion
Killing Me Slowly,Bad Wolves
No One's Gonna Love You,Band of Horses
The Funeral,Band of Horses
I Know What I Am,Band of Skulls
Blood Red Rock,Bang Camaro
Shadowbang (Head),Bang on a Can All-Stars
Someone to You,BANNERS
Thinking Emoji,Barely March
One Week,Barenaked Ladies
Promise Everything,Basement
Pompeii,Bastille
"Sick, Sick, Sick",Bayside
Prom Queen,Beach Bunny
Shadow,Bearstronaut
I Won't Give It Up,Beartooth
Fight for Your Right,Beastie Boys
No Sleep till Brooklyn,Beastie Boys
Sabotage,Beastie Boys
Devil's Haircut,Beck
Saw Lightning,Beck
Sexx Laws,Beck
Stayin' Alive,Bee Gees
Tragedy,Bee Gees
Heaven Is a Place on Earth,Belinda Carlisle
Blood for the Blood God,Ben Quad
Violent Shiver,Benjamin Booker
These Hands,Bent Knee
In a Big Country,Big Country
Bad Guy,Billie Eilish
I Think We're Alone Now,Billie Joe Armstrong
Rebel Yell,Billy Idol
White Wedding (Part 1),Billy Idol
Big Shot,Billy Joel
I Go to Extremes,Billy Joel
It's Still Rock and Roll to Me,Billy Joel
Miami 2017 (Seen the Lights Go Out on Broadway),Billy Joel
Movin' Out (Anthony's Song),Billy Joel
My Life,Billy Joel
Only the Good Die Young,Billy Joel
Piano Man,Billy Joel
Prelude,Billy Joel
Pressure,Billy Joel
Say Goodbye to Hollywood,Billy Joel
Scenes from an Italian Restaurant,Billy Joel
She's Always a Woman,Billy Joel
The Entertainer,Billy Joel
The Stranger,Billy Joel
Uptown Girl,Billy Joel
We Didn't Start the Fire,Billy Joel
You May Be Right,Billy Joel
No Place for Me,Black Beach
Rebel Love Song,Black Veil Brides
Pack of Smokes,Blame It On Whitman
Some1Else,Blame It On Whitman
"Hey Baby, Here's That Song You Wanted",Blessthefall
No Rain,Blind Melon
Blame It On My Youth,Blink 182
Adam's Song,Blink-182
Aliens Exist,Blink-182
All the Small Things,Blink-182
Always,Blink-182
Anthem Part Two,Blink-182
Bored to Death,Blink-182
Dammit,Blink-182
Down,Blink-182
Feeling This,Blink-182
First Date,Blink-182
I Miss You,Blink-182
Stay Together for the Kids,Blink-182
The Party Song,Blink-182
The Rock Show,Blink-182
Up All Night,Blink-182
What's My Age Again?,Blink-182
Call Me,Blondie
Dreaming ,Blondie
Hanging on the Telephone,Blondie
Heart of Glass,Blondie
The Bad Touch,Bloodhound Gang
I Like You,Bloods & Laura Jane Grace
(Don't Fear) The Reaper,Blue Öyster Cult
Burnin' for You,Blue Öyster Cult
Godzilla,Blue Öyster Cult
Hooked on a Feeling,Blue Swede
Hook,Blues Traveler
Run-Around,Blues Traveler
Song 2,Blur
"Get Up, Stand Up",Bob Marley and the Wailers
Bad Medicine,Bon Jovi
Blaze of Glory,Bon Jovi
Born Again Tomorrow,Bon Jovi
Have a Nice Day,Bon Jovi
I'll Be There for You,Bon Jovi
It's My Life,Bon Jovi
Lay Your Hands On Me,Bon Jovi
Livin' on a Prayer,Bon Jovi
Runaway,Bon Jovi
Wanted Dead or Alive,Bon Jovi
We Weren't Born to Follow,Bon Jovi
Who Says You Can't Go Home,Bon Jovi
You Give Love a Bad Name,Bon Jovi
Total Eclipse of the Heart,Bonnie Tyler
Electric Love,BØRNS
Foreplay/Long Time,Boston
Hitch a Ride,Boston
More Than a Feeling,Boston
Peace of Mind,Boston
Rock and Roll Band,Boston
Smokin',Boston
Something About You,Boston
The Great Escape,Boys Like Girls
Thunder,Boys Like Girls
Start a Band,Brad Paisley ft. Keith Urban
Mainstream Kid,Brandi Carlile
Breath,Breaking Benjamin
Failure,Breaking Benjamin
So Cold,Breaking Benjamin
Sooner or Later,Breaking Benjamin
The Diary of Jane,Breaking Benjamin
Torn in Two,Breaking Benjamin
Tourniquet,Breaking Benjamin
Until the End,Breaking Benjamin
Far Away,Breaking Benjamin feat. Scooter Ward of COLD
DiE4u,Bring Me the Horizon
Drown,Bring Me the Horizon
Happy Song,Bring Me the Horizon
Mantra,Bring Me the Horizon
Sugar Honey Ice & Tea,Bring Me the Horizon
Throne,Bring Me the Horizon
24K Magic,Bruno Mars
Locked Out of Heaven,Bruno Mars
Marry You,Bruno Mars
Treasure,Bruno Mars
Summer of '69,Bryan Adams
Rescue Me,Buckcherry
Scream Aim Fire,Bullet for My Valentine
Tears Don't Fall,Bullet for My Valentine
Waking the Demon,Bullet for My Valentine
Your Betrayal,Bullet for My Valentine
Glycerine,Bush
Machinehead,Bush
Comfort Eagle,Cake
I Will Survive,Cake
Short Skirt/Long Jacket,Cake
Tailspin,Calling All Captains
Safe and Sound,Capital Cities
Kung Fu Fighting,Carl Douglas
Call Me Maybe,Carly Rae Jepsen
Attention,Charlie Puth
Dream Police,Cheap Trick
I Want You to Want Me (Live),Cheap Trick
Surrender (Live),Cheap Trick
Face to the Floor,Chevelle
Self Destructor,Chevelle
Send the Pain Below,Chevelle
The Red,Chevelle
25 or 6 to 4,Chicago
Caves,Chiodos
"I Didn't Say I Was Powerful, I Said I Was a Wizard",Chiodos
Johnny B. Goode,Chuck Berry
Tubthumping,Chumbawamba
Graffiti,Chvrches
The Mother We Share,Chvrches
The Difference Between Medicine & Poison,Circa Survive
You Make Me Feel,Cobra Starship
The Running Free,Coheed and Cambria
Welcome Home,Coheed and Cambria
Adventure of a Lifetime,Coldplay
Champion of the World,Coldplay
Clocks,Coldplay
Every Teardrop Is a Waterfall,Coldplay
Fix You,Coldplay
Hymn for the Weekend,Coldplay
Orphans,Coldplay
Paradise,Coldplay
Shiver,Coldplay
Speed of Sound,Coldplay
The Scientist,Coldplay
Viva la Vida,Coldplay
Yellow,Coldplay
Shine,Collective Soul
Brick House,Commodores
Accidentally in Love,Counting Crows
Mr. Jones,Counting Crows
History Repeats,Creaturos
Higher,Creed
With Arms Wide Open,Creed
Bad Moon Rising,Creedence Clearwater Revival
Born on the Bayou,Creedence Clearwater Revival
Down on the Corner,Creedence Clearwater Revival
Fortunate Son,Creedence Clearwater Revival
Fortunate Son (Original Version),Creedence Clearwater Revival
Green River,Creedence Clearwater Revival
Have You Ever Seen the Rain?,Creedence Clearwater Revival
I Heard It Through the Grapevine,Creedence Clearwater Revival
Lookin' Out MY Back Door,Creedence Clearwater Revival
Proud Mary,Creedence Clearwater Revival
Run Through the Jungle,Creedence Clearwater Revival
Travelin' Band,Creedence Clearwater Revival
Up Around the Bend,Creedence Clearwater Revival
Who'll Stop the Rain,Creedence Clearwater Revival
Nightmare,Crooked X
Karma Chameleon,Culture Club
Girls Just Want to Have Fun,Cyndi Lauper
Time After Time,Cyndi Lauper
Get Lucky,Daft Punk
Thug Love,Dance For The Dying
Prisoner,Dance Gavin Dance
Wagon Wheel,Darius Rucker
V-Bomb,Dark Wheels
Crawling Back to You,Daughtry
Crash into Me,Dave Matthews Band
Mercy,Dave Matthews Band
Blue Jean,David Bowie
Fame,David Bowie
Heroes,David Bowie
Let's Dance,David Bowie
Modern Love,David Bowie
Moonage Daydream,David Bowie
Rebel Rebel,David Bowie
Space Oddity,David Bowie
Suffragette City,David Bowie
Young Americans,David Bowie
You Should Be Dancing,Dee Gees
Breakfast at Tiffany's,Deep Blue Something
Highway Star,Deep Purple
Smoke on the Water,Deep Purple
Animal (Live),Def Leppard
Bringin' On the Heartbreak,Def Leppard
Foolin',Def Leppard
Photograph,Def Leppard
Pour Some Sugar on Me (Live),Def Leppard
Rock of Ages,Def Leppard
Undefeated,Def Leppard
My Own Summer (Shove It),Deftones
Roll to Me,Del Amitri
Enjoy the Silence,Depeche Mode
Never Let Me Down Again,Depeche Mode
Personal Jesus,Depeche Mode
Policy of Truth,Depeche Mode
Whip It,Devo
Come On Eileen,Dexys Midnight Runners
Holy Diver,Dio
Rainbow in the Dark,Dio
Walk of Life,Dire Straits
Down with the Sickness,Disturbed
Indestructible,Disturbed
Inside the Fire,Disturbed
Prayer,Disturbed
Stricken,Disturbed
Stupify,Disturbed
The Sound of Silence,Disturbed
The Vengeful One,Disturbed
Voices,Disturbed
Cake By The Ocean,DNCE
Jolene,Dolly Parton
I Hear the Dead,Dolly Spartans
American Pie,Don McLean
King George,Dover
Through the Fire and Flames,DragonForce
Metropolis Part I: The Miracle and the Sleeper,Dream Theater
I'm Shipping Up to Boston,Dropkick Murphys
Bodies,Drowning Pool
Don't Start Now,Dua Lipa
Knock Em Down,Duck & Cover
Two Shots,Duck & Cover
Girls on Film,Duran Duran
Hungry Like the Wolf,Duran Duran
RudeBoys,Dutch ReBelle
Save Tonight,Eagle-Eye Cherry
September,"Earth, Wind & Fire"
The Killing Moon,Echo & The Bunnymen
Albert,Eddie Japan
Gay Bar,Electric Six
On My Mind,Ellie Goulding
Crocodile Rock,Elton John
Goodbye Yellow Brick Road,Elton John
I'm Still Standing,Elton John
Saturday Night's Alright for Fighting,Elton John
The Bitch Is Back,Elton John
Cold Heart (PNAU Remix),Elton John - Dua Lipa
Radio Radio,Elvis Costello
Suspicious Minds,Elvis Presley
Lady Gaga's Poker Face (South Park Version),Eric Cartman
The Flood,Escape the Fate
The Final Countdown,Europe
Bring Me to Life,Evanescence
Call Me When You're Sober,Evanescence
Everybody's Fool,Evanescence
Going Under,Evanescence
Lithium,Evanescence
Weight of the World,Evanescence
What You Want,Evanescence
Santa Monica,Everclear
Real Wild Child,Everlife
More Than Words,Extreme
Epic,Faith No More
Midlife Crisis,Faith No More
We Care a Lot,Faith No More
"A Little Less Sixteen Candles, a Little More ""Touch Me""",Fall Out Boy
Centuries,Fall Out Boy
"Dance, Dance",Fall Out Boy
Dead on Arrival,Fall Out Boy
I Don't Care,Fall Out Boy
I Wanna Dance with Somebody (Who Loves Me),Fall Out Boy
Irresistible,Fall Out Boy
Love From the Other Side,Fall Out Boy
My Songs Know What You Did in the Dark (Light Em Up),Fall Out Boy
"Sugar, We're Goin Down",Fall Out Boy
"This Ain't a Scene, It's an Arms Race",Fall Out Boy
Thnks fr th Mmrs,Fall Out Boy
Uma Thurman,Fall Out Boy
Popular Monster,Falling in Reverse
Voices In My Head,Falling in Reverse
"Hey Man, Nice Shot",Filter
Paralyzer,Finger Eleven
A Little Bit Off,Five Finger Death Punch
Wrong Side of Heaven,Five Finger Death Punch
Dreams,Fleetwood Mac
You Make Loving Fun,Fleetwood Mac
Business Time,Flight of the Conchords
Demon Woman,Flight of the Conchords
The Most Beautiful Girl in the Room,Flight of the Conchords
Druken Lullabies (Live),Flogging Molly
Dog Days Are Over,Florence + the Machine
Vinyl,Fly By Midnight
I'm So Sick,Flyleaf
Slow Ride,Foghat
All My Life,Foo Fighters
Best of You,Foo Fighters
Breakout,Foo Fighters
DOA,Foo Fighters
Doll,Foo Fighters
Everlong,Foo Fighters
"Hey, Johnny Park!",Foo Fighters
Learn to Fly,Foo Fighters
Making a Fire,Foo Fighters
Monkey Wrench,Foo Fighters
My Hero,Foo Fighters
My Poor Brain,Foo Fighters
New Way Home,Foo Fighters
Run,Foo Fighters
Something from Nothing,Foo Fighters
Stacked Actors,Foo Fighters
The Feast and the Famine,Foo Fighters
The Pretender,Foo Fighters
These Days,Foo Fighters
Times Like These,Foo Fighters
Up in Arms,Foo Fighters
Walk,Foo Fighters
Walking After You,Foo Fighters
Wheels,Foo Fighters
Wind Up,Foo Fighters
Word Forward,Foo Fighters
Cold as Ice,Foreigner
I Want To Know What Love Is,Foreigner
Juke Box Hero,Foreigner
Don't Stop (Color on the Walls),Foster the People
Helena Beat,Foster the People
Pumped Up Kicks,Foster the People
Stacy's Mom,Fountains of Wayne
I Still Believe,Frank Turner
Take Me Out,Franz Ferdinand
Doppelgänger,Freezepop
Hemorrhage (In My Hands),Fuel
Shimmer ,Fuel
Some Nights,fun.
We Are Young,fun. feat. Janelle Monáe
I Think I'm Paranoid,Garbage
Ain’t Messin ‘Round,"Gary Clark, Jr."
I Don't Want to Be,Gavin DeGraw
abcdefu,GAYLE
Who Do You Love?,George Thorogood and The Destroyers
Cirice,Ghost
Mary On A Cross,Ghost
Rats,Ghost
Follow You Down,Gin Blossoms
Found Out About You,Gin Blossoms
Hey Jealousy,Gin Blossoms
Still Alive,GLaDOS
Bethany,Goddamn Draculas
Awake,Godsmack
I Stand Alone,Godsmack
When Legends Rise,Godsmack
Radar Love,Golden Earring
Superman,Goldfinger
Iris,Goo Goo Dolls
Slide,Goo Goo Dolls
Girls & Boys,Good Charlotte
Lifestyles of the Rich and Famous,Good Charlotte
The Anthem,Good Charlotte
Clint Eastwood,Gorillaz
Feel Good Inc.,Gorillaz
Cheat On The Curch,Graveyard BBQ
"Once Bitten, Twice Shy",Great White
¡Viva la Gloria!,Green Day
21 Guns,Green Day
21st Century Breakdown,Green Day
American Idiot,Green Day
Are We the Waiting / St. Jimmy,Green Day
Basket Case,Green Day
Boulevard of Broken Dreams,Green Day
Brain Stew / Jaded,Green Day
Burnout,Green Day
Christian's Inferno,Green Day
Chump,Green Day
Coming Clean,Green Day
East Jesus Nowhere,Green Day
Emenius Sleepus,Green Day
Extraordinary Girl,Green Day
F.O.D.,Green Day
Father of All…,Green Day
Geek Stink Breath,Green Day
Give Me Novacaine / She's a Rebel,Green Day
Good Riddance (Time Of Your Life),Green Day
Having a Blast,Green Day
Hitchin' A Ride,Green Day
Holiday,Green Day
Homecoming,Green Day
Horseshoes and Handgrenades,Green Day
In the End,Green Day
Jesus of Suburbia,Green Day
Know Your Enemy,Green Day
Last Night on Earth,Green Day
Last of the American Girls,Green Day
Letterbomb,Green Day
Longview,Green Day
Minority,Green Day
Murder City,Green Day
Oh Love,Green Day
Peacemaker,Green Day
Pulling Teeth,Green Day
Sassafras Roots,Green Day
She,Green Day
Still Breathing,Green Day
The Static Age,Green Day
Viva la Gloria? (Little Girl),Green Day
Wake Me Up When September Ends,Green Day
Warning,Green Day
Welcome to Paradise,Green Day
Whatsername,Green Day
When I Come Around,Green Day
Head Above,Greta Van Fleet
Light My Love,Greta Van Fleet
"My Way, Soon",Greta Van Fleet
When the Curtain Falls,Greta Van Fleet
Sickness,Grey Daze
Tongue Tied,Grouplove
End of the World,Gulfer
Better,Guns N' Roses
Catcher in the Rye,Guns N' Roses
Chinese Democracy ,Guns N' Roses
Madagascar,Guns N' Roses
Prostitute,Guns N' Roses
Riad N' the Bedouins,Guns N' Roses
Street of Dreams,Guns N' Roses
There Was a Time,Guns N' Roses
This I Love,Guns N' Roses
Stereo Hearts,Gym Class Heroes (ft. Adam Levine)
I Miss the Misery,Halestorm
I Can't Go for That (No Can Do),Hall & Oates
Maneater,Hall & Oates
Private Eyes,Hall & Oates
Rich Girl,Hall & Oates
You Make My Dreams,Hall & Oates
Cat's In the Cradle,Harry Chapin
Adore You,Harry Styles
Golden,Harry Styles
Flagpole Sitta,Harvey Danger
Simmer,Hayley Williams
Alone,Heart
Barracuda,Heart
Crazy On You,Heart
Kick It Out,Heart
I Am Electric,Heaven's Basement
Killing Loneliness,HIM
Ode to Solitude,HIM
Wings of a Butterfly,HIM
Lips of an Angel,Hinder
Celebrity Skin,Hole
City of the Dead,Hollywood Undead
Soy Bomb,Honest Bob and the Factory to Dealer Incentives
The Reason,Hoobastank
Let Her Cry,Hootie & The Blowfish
Only Wanna Be With You,Hootie & The Blowfish
Shake Me Up,Hounds
Take Me to Church,Hozier
Do You Believe in Love,Huey Lewis and the News
I Want a New Drug,Huey Lewis and the News
The Heart of Rock & Roll,Huey Lewis and the News
The Power of Love,Huey Lewis and the News
Shy,Hunny
Viva la Resistance,Hypernova
She's Got Sorccery,I Fight Dragons
Bad Things,I Prevail
Oh My God,Ida Maria
The Passenger,Iggy Pop
I Bet My Life,Imagine Dragons
Bloodhands (Oh My Fever),In the Valley Below
Forever,In This Moment
Dig,Incubus
Wish You Were Here,Incubus
Anything Was Better,Interrupters
Need You Tonight,INXS
"Flightless Bird, American Mouth",Iron & Wine
In-A-Gadda-Da-Vida,Iron Butterfly
The Wicker Man,Iron Maiden
Lazaretto,Jack White
ABC,Jackson 5
I Want You Back,Jackson 5
I Got You (I Feel Good) (Alternative Version),James Brown
Canned Heat,Jamiroquai
Been Caught Stealing,Jane's Addiction
Had a Dad,Jane's Addiction
Idiots Rule,Jane's Addiction
Jane Says,Jane's Addiction
Ocean Size,Jane's Addiction
Pigs in Zen,Jane's Addiction
Standing in the Shower... Thinking,Jane's Addiction
Summertime Rolls,Jane's Addiction
"Ted, Just Admit It...",Jane's Addiction
Thank You Boys,Jane's Addiction
Up the Beach,Jane's Addiction
Me and Bobby McGee,Janis Joplin
Recession,Jeff Allen ft. Noelle LeBlanc and Naoko Takamoto
This Will Be the Day,Jeff Williams feat. Casey Lee Williams
Somebody to Love,Jefferson Airplane
Jane,Jefferson Starship
Are You Gonna Be My Girl,Jet
Cheeseburger in Paradise,Jimmy Buffett
Margaritaville,Jimmy Buffett
Volcano,Jimmy Buffett
All The Way (Stay),Jimmy Eat World
Bleed American,Jimmy Eat World
Futures,Jimmy Eat World
My Best Theory,Jimmy Eat World
Pain,Jimmy Eat World
Sweetness,Jimmy Eat World
The Middle,Jimmy Eat World
I Hate Myself For Loving You,Joan Jett & The Blackhearts
I Love Rock N' Roll,Joan Jett & The Blackhearts
Shame,Jocelyn & Chris Arndt
You're the Best,"Joe ""Bean"" Esposito"
Happy Xmas (War Is Over),"John & Yoko, The Plastic Ono Band"
"Take Me Home, Country Roads",John Denver
Crippled Inside,John Lennon
Gimme Some Truth,John Lennon
How Do You Sleep?,John Lennon
How?,John Lennon
I Don't Wanna Be a Soldier Mama,John Lennon
Imagine,John Lennon
It's So Hard,John Lennon
Jealous Guy,John Lennon
Oh My Love,John Lennon
Oh Yoko!,John Lennon
Cold Clear Light,Johnny Blazes and the Pretty Boys
Folsom Prison Blues,Johnny Cash
I Walk the Line,Johnny Cash
Code Monkey,Jonathan Coulton
Re: Your Brains,Jonathan Coulton
Skullcrusher Mountain,Jonathan Coulton
Still Alive,Jonathan Coulton ft. Sara Quin
Would You Go With Me,Josh Turner
Don't Stop Believing,Journey
Me Enamora,Juanes
Over My Head,Judah & The Lion
(Take These) Chains,Judas Priest
Bloodstone,Judas Priest
Devil's Child,Judas Priest
Fever,Judas Priest
Halls of Valhalla,Judas Priest
Pain And Pleasure,Judas Priest
Riding on the Wind,Judas Priest
Screaming For Vengeance,Judas Priest
The Hellion/Electric Eye,Judas Priest
You've Got Another Thing Comin',Judas Priest
Half Crazy,Jukebox the Ghost
Hurry Up (& Wait for You),Julie Rhodes
I Predict a Riot,Kaiser Chiefs
Ruby,Kaiser Chiefs
Carry On Wayward Son,Kansas
Point of Know Return (Live),Kansas
Walking on Sunshine,Katrina & the Waves
Stronger (What Doesn't Kill You),Kelly Clarkson
Devil On My Shoulder,Kelsy Karter
Danger Zone,Kenny Loggins
Footloose,Kenny Loggins
The Gambler,Kenny Rogers
estella//,Kennyhoopla ft. Travis Barker
Sex on Fire,Kings of Leon
Use Somebody,Kings of Leon
"100,000 Years (Live)",Kiss
Calling Dr. Love,Kiss
Detroit Rock City,Kiss
Deuce (Live),Kiss
Parasite (Live),Kiss
Rock and Roll All Nite (Live),Kiss
Strutter (Live),Kiss
Jungle Boogie,Kool & the Gang
Falling Away From Me,Korn
Freak on a Leash,Korn
Word Up!,Korn
Suddenly I See,KT Tunstall
Buletproof,La Roux
Monster,Lady Gaga
Paparazzi,Lady Gaga
Redneck,Lamb of God
Steal My Sunshine,Len
Are You Gonna Go My Way,Lenny Kravitz
Younger Lungs,Less Than Jake
Hanging by a Moment,Lifehouse
Dream Genie,Lightning Bolt
Build a Bridge,Limp Bizkit
Gold Cobra,Limp Bizkit
My Way,Limp Bizkit
Nookie,Limp Bizkit
Re-Arranged,Limp Bizkit
Rollin' (Air Raid Vehicle),Limp Bizkit
Breaking the Habit,Linkin Park
Burn It Down,Linkin Park
Crawling,Linkin Park
Given Up,Linkin Park
In The End,Linkin Park
Lying from You,Linkin Park
More The Victim,Linkin Park
New Divide,Linkin Park
Numb,Linkin Park
One Step Closer,Linkin Park
Rebellion (ft. Daron Malakian),Linkin Park
Shadow of the Day,Linkin Park
Somewhere I Belong,Linkin Park
Waiting for the End,Linkin Park
What I've Done,Linkin Park
My Own Worst Enemy,Lit
Kiss Me Deadly ,Lita Ford
Little White Church,Little Big Town
Casablanca,Littlefoot
All Over You,Live
Cult of Personality,Living Colour
Juice,Lizzo
When Am I Gonna Lose You,Local Natives
Brandy (You're a Fine Girl),Looking Glass
Rooftops (A Liberation Broadcast),Lostprophets
Turn it Around,Lucius
Free Bird,Lynyrd Skynyrd
Gimme Three Steps,Lynyrd Skynyrd
Saturday Night Special,Lynyrd Skynyrd
Simple Man,Lynyrd Skynyrd
Sweet Home Alabama (Live),Lynyrd Skynyrd
That Smell,Lynyrd Skynyrd
Tuesday's Gone,Lynyrd Skynyrd
What's Your Name?,Lynyrd Skynyrd
bloody valentine,Machine Gun Kelly
My Ex's Best Friend,Machine Gun Kelly & blackbear
I Think I'm Okay,"Machine Gun Kelly, YUNGBLUD & Travis Barker"
Can't Hold Us,Macklemore & Ryan Lewis
Rude,Magic!
Addison Rae,Magnolia Park
Oye Mi Amor,Maná
The Beautiful People,Marilyn Manson
Uptown Funk,Mark Ronson ft. Bruno Mars
Girls Like You,Maroon 5
Misery,Maroon 5
One More Night,Maroon 5
This Love,Maroon 5
Wake Up Call,Maroon 5
Won't Go Home Without You,Maroon 5
Moves Like Jagger,Maroon 5 feat. Christina Aguilera
3AM,Matchbox Twenty
Bent,Matchbox Twenty
How Far We've Come,Matchbox Twenty
Push,Matchbox Twenty
She's So Mean,Matchbox Twenty
Unwell,Matchbox Twenty
Kids of Summer,Mayday Parade
Paradise by the Dashboard Light,Meat Loaf
Peace Sells,Megadeth
Down Under,Men at Work
Overkill,Men at Work
Combat Baby,Metric
Kids,MGMT
Cross That Line,Michael Christmas
All You Wanted,Michelle Branch
I Melt With You,Modern English
Flirtin' with Disaster,Molly Hatchet
Girl Scout Cookies,Mom Jeans
Don't Go Away Mad (Just Go Away),Mötley Crüe
Down at the Whisky,Mötley Crüe
Dr. Feelgood,Mötley Crüe
Face Down in the Dirt,Mötley Crüe
Kickstart My Heart,Mötley Crüe
Rattlesnake Shake,Mötley Crüe
Saints of Los Angeles,Mötley Crüe
Same Ol' Situation (S.O.S.),Mötley Crüe
She Goes Down,Mötley Crüe
Slice of Your Pie,Mötley Crüe
Sticky Sweet,Mötley Crüe
Time for Change,Mötley Crüe
Without You,Mötley Crüe
Mississippi Queen,Mountain
Happy?,Mudvayne
Blind Leading The Blind,Mumford & Sons
I Will Wait,Mumford & Sons
The Wolf,Mumford & Sons
Hysteria,Muse
Knights of Cydonia ,Muse
Starlight,Muse
Won't Back Down,Muse
Famous Last Words,My Chemical Romance
Helena,My Chemical Romance
I'm Not Okay (I Promise),My Chemical Romance
Sing,My Chemical Romance
Teenagers,My Chemical Romance
The Foundations of Decay,My Chemical Romance
Welcome to the Black Parade,My Chemical Romance
Unwritten,Natasha Bedingfield
Black Streak,Nemes
1983,Neon Trees
Animal,Neon Trees
Everybody Talks,Neon Trees
Sins of My Youth,Neon Trees
Used To Like,Neon Trees
All Downhill from Here,New Found Glory
Greatest of All Time,New Found Glory
Iris,New Found Glory
My Friends Over You,New Found Glory
Don't Let Her Go,Newfane
I Recognize,Newfane
How You Remind Me,Nickelback
Photograph,Nickelback
The Devil Went Down to Georgia,Nickelback
Sister Christian,Night Ranger
Who's Your Lover,Nightmare Air
Absolutely (Story of a Girl),Nine Days
Capital G,Nine Inch Nails
Head Like a Hole,Nine Inch Nails
March of the Pigs,Nine Inch Nails
Terrible Lie,Nine Inch Nails
The Collector,Nine Inch Nails
The Hand That Feeds,Nine Inch Nails
About a Girl,Nirvana
All Apologies,Nirvana
Blew,Nirvana
Breed,Nirvana
Come As You Are (Live from MTV Unplugged),Nirvana
Heart-Shaped Box,Nirvana
In Bloom,Nirvana
Lithium (Live at Reading),Nirvana
Lounge Act,Nirvana
Rape Me,Nirvana
School,Nirvana
Smells Like Teen Spirit,Nirvana
Something In The Way,Nirvana
Stay Away,Nirvana
Territorial Pissings,Nirvana
The Man Who Sold the World (Live),Nirvana
You Know You're Right,Nirvana
Bathwater,No Doubt
Don't Speak,No Doubt
Hella Good,No Doubt
Just a Girl,No Doubt
Spiderwebs,No Doubt
Radio,No Small Children
Alive and Kicking,Nonpoint
Bullet with a Name,Nonpoint
Miracle,Nonpoint
Champagne Supernova,Oasis
Don't Look Back in Anger,Oasis
Live Forever,Oasis
Rock 'n' Roll Star,Oasis
Supersonic (Live),Oasis
Wonderwall,Oasis
Alligator,Of Monsters And Men
Little Talks,Of Monsters and Men
Here It Goes Again,OK Go
Time Bomb (Live),Old 97's
Like No Surprise,Oldsoul
Physical,Olivia Newton-John
Brutal,Olivia Rodrigo
good 4 u,Olivia Rodrigo
Best Song Ever,One Direction
Drag Me Down,One Direction
Never Enough,One Direction
Story of My Life,One Direction
What Makes You Beautiful,One Direction
The Title Track,Origami Angel
Time For Crime,ORION
Astronaut in the Ocean,Our Last Night
Hey Ya!,Outkast
Bark at the Moon,Ozzy Osbourne
Crazy Train,Ozzy Osbourne
Diary of a Madman,Ozzy Osbourne
Flying High Again,Ozzy Osbourne
I Don't Know,Ozzy Osbourne
"Mama, I'm Coming Home",Ozzy Osbourne
Miracle Man,Ozzy Osbourne
Mr. Crowley,Ozzy Osbourne
Over the Mountain,Ozzy Osbourne
Steal Away (The Night),Ozzy Osbourne
Raise Your Glass,P!nk
So What,P!nk
Alive,P.O.D.
Boom,P.O.D.
High Hopes,Panic! at the Disco
I Write Sins Not Tragedies,Panic! at the Disco
Nine in the Afternoon,Panic! at the Disco
Forever,Papa Roach
Last Resort,Papa Roach
Time Is Running Out,Papa Roach
Brick by Boring Brick,Paramore
Crushcrushcrush,Paramore
Hard Times,Paramore
Ignorance,Paramore
Misery Business,Paramore
Pressure,Paramore
Still Into You,Paramore
That's What You Get,Paramore
The Only Exception,Paramore
This Is Why,Paramore
Sweater Weather,Parks
Never Let 'Em Hold Ya Back!,Parlour Bells
True Confessional,Party Bois
Heartbreaker,Pat Benatar
We Belong,Pat Benatar
Band on the Run (Live),Paul McCartney
Jet (Live),Paul McCartney
Maybe I'm Amazed,Paul McCartney
Sing the Changes (Live),Paul McCartney
Band on the Run,Paul McCartney & Wings
Helen Wheels,Paul McCartney & Wings
Let Me Roll It,Paul McCartney & Wings
Alive (Live: Drop in the Park),Pearl Jam
Black,Pearl Jam
Brother,Pearl Jam
Even Flow,Pearl Jam
Garden,Pearl Jam
Jeremy,Pearl Jam
State of Love and Trust (Live: Drop in the Park),Pearl Jam
The Fixer,Pearl Jam
Killing Is Just a Means ,Permaband
Wrecking Machine ,Permaband
Let My Love Open the Door,Pete Townshend
Do You Feel Like We Do (Live),Peter Frampton
Show Me the Way (Live),Peter Frampton
Mean Girls,Petty Morals
Happy,Pharrell Williams
Llama,Phish
Wilson,Phish
Lasso,Phoenix
Circles,Pierce the Veil
King for a Day (ft. Kellin Quinn),Pierce the Veil
Pass the Nirvana,Pierce the Veil
Debaser,Pixies
Here Comes Your Man,Pixies
Hey,Pixies
Wave of Mutilation,Pixies
Where Is My Mind?,Pixies
Every Rose Has Its Thorn,Poison
Antibodies,Poni Hoax
Feel It Still,Portugal. The Man
Love That Hurts,PREACHERVAN
"Something Bigger, Something Brighter",Pretty Girls Make Graves
Jerry Was a Race Car Driver,Primus
Cosmic Thrill Seeking Forever,Prince Daddy & The Hyena
Bring tha Noise,Public Enemy (Featuring Anthrax)
Blurry,Puddle of Mudd
She Hates Me,Puddle of Mudd
Matilda,Pup
Another One Bites the Dust,Queen
Bohemian Rhapsody,Queen
Crazy Little Thing Called Love,Queen
Death on Two Legs (Dedicated To...),Queen
Don't Stop Me Now,Queen
Fat Bottomed Girls,Queen
Hammer to Fall,Queen
I Want It All,Queen
I Want to Break Free,Queen
Keep Yourself Alive,Queen
Killer Queen,Queen
One Vision,Queen
Play the Game,Queen
Seven Seas of Rhye,Queen
Somebody to Love,Queen
Stone Cold Crazy,Queen
Tenement Funster,Queen
The Show Must Go On,Queen
Tie Your Mother Down,Queen
Under Pressure,Queen
We Are the Champions,Queen
We Will Rock You,Queen
You're My Best Friend,Queen
3's & 7's,Queens of the Stone Age
Go with the Flow,Queens of the Stone Age
In My Head,Queens of the Stone Age
Little Sister,Queens of the Stone Age
My God Is the Sun,Queens of the Stone Age
No One Knows,Queens of the Stone Age
"Sick, Sick, Sick",Queens of the Stone Age
The Way You Used to Do,Queens of the Stone Age
Bang Your Head (Metal Health),Quiet Riot
Driver 8,R.E.M.
It's the End of the World as We Know It,R.E.M.
Living Well Is the Best Revenge,R.E.M.
Losing My Religion,R.E.M.
Man on the Moon,R.E.M.
Orange Crush,R.E.M.
Radio Free Europe,R.E.M.
Stand,R.E.M.
Superman,R.E.M.
The One I Love,R.E.M.
These Days,R.E.M.
"What's the Frequency, Kenneth?",R.E.M.
Run With You,Radio Compass
Creep,Radiohead
Karma Police,Radiohead
My Iron Lung,Radiohead
Bulls on Parade,Rage Against the Machine
Killing in the Name,Rage Against the Machine
Sleep Now in the Fire,Rage Against the Machine
Testify,Rage Against the Machine
Du Hast,Rammstein
Blitzkrieg Bop,Ramones
I Wanna Be Sedated,Ramones
Rock 'n' Roll High School,Ramones
Ruby Soho,Rancid
Life Is a Highway,Rascal Flatts
"Black Earth, WI",Rat Boys
Masquerader,Ravi Shavi
Ghostbusters,Ray Parker Jr.
Stumble and Fall,Razorlight
By the Way,Red Hot Chili Peppers
Californication,Red Hot Chili Peppers
Dani California,Red Hot Chili Peppers
Give It Away,Red Hot Chili Peppers
Otherside,Red Hot Chili Peppers
Scar Tissue,Red Hot Chili Peppers
Snow ((Hey Oh)),Red Hot Chili Peppers
Under the Bridge,Red Hot Chili Peppers
Black Summer,Red Hot Chilli Peppers
Face Down,Red Jumpsuit Apparatus
Come and Get Your Love,Redbone
Sell Out,Reel Big Fish
Take On Me,Reel Big Fish
Keep On Loving You,REO Speedwagon
Riding the Storm Out,REO Speedwagon
Roll with the Changes,REO Speedwagon
Take It on the Run,REO Speedwagon
Never Gonna Give You Up,Rick Astley
"Rock and Roll, Hoochie Koo",Rick Derringer
Jessie's Girl,Rick Springfield
Portions for Foxes,Rilo Kiley
Audience of One,Rise Against
Help Is on the Way,Rise Against
Nowhere Generation,Rise Against
Prayer of the Refugee,Rise Against
Re-Education (Through Labor),Rise Against
Satellite,Rise Against
Savior,Rise Against
The Good Left Undone,Rise Against
Don't Bury Me... I'm Still Not Dead,Riverboat Gamblers
Burn,Rob Zombie
Dragula,Rob Zombie
Living Dead Girl,Rob Zombie
Superbeast,Rob Zombie
War Zone,Rob Zombie
Time Warp,Rocky Horror Picture Show Soundtrack
The Look,Roxette
Figure It Out,Royal Blood
Pain Killer,Ruby Rose Fox
Skydiver,Ruby Rose Fox
Escape (The Piña Colada Song),Rupert Holmes
A Passage to Bangkok,Rush
Limelight,Rush
Tom Sawyer,Rush
YYZ,Rush
Send Me on My Way,Rusted Root
Smooth,Santana (ft. Rob Thomas)
Bury Me (Tonight),Save Face
Alive With The Glory Of Love,Say Anything
The Warrior,Scandal
No One Like You (2011 Re-record),Scorpions
Rock You Like a Hurricane,Scorpions
Country Song,Seether
Fake It,Seether
Remedy,Seether
Rise Above This,Seether
Broken,Seether feat. Amy Lee
Closing Time,Semisonic
Lady in a Blue Dress,Senses Fail
Empty Walls,Serj Tankian
Sky Is Over,Serj Tankian
Man! I Feel Like A Woman!,Shania Twain
That Don't Impress Me Much,Shania Twain
Soak Up the Sun,Sheryl Crow
Bully,Shinedown
Diamond Eyes (Boom-Lay Boom-Lay Boom),Shinedown
Junkies for Fame,Shinedown
Second Chance,Shinedown
The Crow and the Butterfly,Shinedown
Let's Just Dance,Ships Have Sailed
Fall Apart,Shocked Laura
Chandelier,Sia
Burning Hearts,Silverstein
The Sounds of Silence,Simon & Garfunkel
Don't You (Forget About Me),Simple Minds
Addicted,Simple Plan
Welome To My Life,Simple Plan
Where I Belong,Simple Plan & State Champs
Hong Kong Garden,Siouxsie and The Banshees
All for You,Sister Hazel
We Are Family,Sister Sledge
Life Is Beautiful,Sixx:A.M.
18 and Life,Skid Row
I Remember You,Skid Row
The Gang's All Here,Skid Row
Feel Invincible,Skillet
S.O.M.P.,Skratch'n Snyf
The Summoning,Sleep Token
Before I Forget,Slipknot
Dead Memories,Slipknot
Duality,Slipknot
Left Behind,Slipknot
Psychosocial,Slipknot
Pulse of the Maggots,Slipknot
Snuff,Slipknot
Sulfur,Slipknot
The Devil in I,Slipknot
Unsainted,Slipknot
Wait and Bleed,Slipknot
Light the Fuse,Slydigs
All-Star,Smash Mouth
Walking on the Sun,Smash Mouth
Cherub Rock,Smashing Pumpkins
Bad Luck,Social Distortion
Ring of Fire,Social Distortion
Story of my Life,Social Distortion
Dead Black (Heart of Ice),Soul Remnants
Black Hole Sun,Soundgarden
Spoonman,Soundgarden
Superunknown,Soundgarden
The Day I Tried to Live,Soundgarden
In the Meantime,Spacehog
Little Miss Can't Be Wrong,Spin Doctors
Two Princes,Spin Doctors
Short and Sweet,Spinal Tap
To My Romeo,Spirit Kid
Birth in Reverse,St. Vincent
It's Been Awhile,Staind
Outside,Staind
So Far Away,Staind
This Is It,Staind
We Built This City,Starship
Pictures of Matchstick Men,Status Quo
Peg,Steely Dan
Reelin' In the Years,Steely Dan
Born to Be Wild,Steppenwolf
Make Me Smile (Come Up and See Me),Steve Harley & Cockney Rebel
Fly Like an Eagle,Steve Miller Band
The Joker,Steve Miller Band
Higher Ground,Stevie Wonder
I Wish,Stevie Wonder
Living For The City,Stevie Wonder
Sir Duke,Stevie Wonder
Superstition,Stevie Wonder
Good,STL GLD
Made of Scars,Stone Sour
Say You'll Haunt Me,Stone Sour
Song #3,Stone Sour
Through Glass,Stone Sour
Big Bang Baby,Stone Temple Pilots
Creep,Stone Temple Pilots
Interstate Love Song,Stone Temple Pilots
Plush,Stone Temple Pilots
Sex Type Thing,Stone Temple Pilots
Trippin' on a Hole in a Paper Heart,Stone Temple Pilots
Vasoline,Stone Temple Pilots
Santeria,Sublime
Every Morning,Sugar Ray
Memory,Sugarcult
Fat Lip,Sum 41
In Too Deep,Sum 41
Still Waiting,Sum 41
Seven,Sunny Day Real Estate
Grace,Supergrass
Freaks,Surf Curse
ily (i love you baby),Surf Mesa ft. Emilee
Ballroom Blitz,Sweet
Where the Heart Is,Sweet Pill
This Bastard's Life,Swingin' Utters
Float,Switchfoot
Meant to Live,Switchfoot
Exploited & Exposed,Symbion Project
Aerials,System of a Down
Chop Suey!,System of a Down
Hypnotize,System of a Down
Spiders,System of a Down
20th Century Boy,T. Rex
Ride a White Swan,T. Rex
A Decade Under the Influence,Taking Back Sunday
Cute Without The 'E' (Cut From the Team),Taking Back Sunday
Liar (It Takes One to Know One),Taking Back Sunday
MakeDamnSure,Taking Back Sunday
What's It Feel Like to Be a Ghost?,Taking Back Sunday
And She Was,Talking Heads
Burning Down the House,Talking Heads
Crosseyed and Painless,Talking Heads
Girlfriend Is Better,Talking Heads
Once in a Lifetime,Talking Heads
Take Me to the River,Talking Heads
Everybody Wants to Rule the World,Tears for Fears
Shout,Tears for Fears
The Con,Tegan and Sara
Master Exploder,Tenacious D
Rock Your Socks,Tenacious D
The Metal,Tenacious D
Tribute,Tenacious D
Girls Make Me Wanna Die,The Aces
Monster,The Automatic
Love Shack,The B-52's
Rock Lobster,The B-52's
The Weight (Live),The Band
Good Vibrations (Live),The Beach Boys
Forget About Tomorrow,The Bergamot
(You're) Breakin' Up,The Black Cheers
Fever,The Black Keys
Lonely Boy,The Black Keys
Wild Child,The Black Keys
Milwaukee,The Both
Gasoline,The Bouncing Souls
Ole!,The Bouncing Souls
Believe,The Bravery
False Alarm,The Bronx
Whever You Will Go,The Calling
Bye Bye Love,The Cars
Just What I Needed,The Cars
My Best Friend's Girl,The Cars
Something Just Like This,The Chainsmokers & Coldplay
Clampdown,The Clash
Complete Control,The Clash
Hateful,The Clash
I Fought the Law,The Clash
London Calling,The Clash
Rock the Casbah,The Clash
Rudie Can't Fail,The Clash
Should I Stay or Should I Go,The Clash
Spanish Bombs,The Clash
The Guns of Brixton,The Clash
Train in Vain (Stand by Me),The Clash
Dreaming of You,The Coral
Goo Goo Muck,The Cramps
Dreams,The Cranberries
Linger,The Cranberries
Ode to My Family,The Cranberries
Zombie,The Cranberries
Friday I'm In Love,The Cure
Just Like Heaven,The Cure
Lovesong,The Cure
I Believe in a Thing Called Love,The Darkness
Sacrifice,The Devil Wears Prada
Take It Off,The Donnas
China Grove,The Doobie Brothers
Listen to the Music,The Doobie Brothers
Long Train Runnin,The Doobie Brothers
Break on Through (To the Other Side),The Doors
"Hello, I Love You",The Doors
L.A. Woman,The Doors
Light My Fire,The Doors
Love Her Madly,The Doors
Love Me Two Times,The Doors
Peace Frog,The Doors
People Are Strange,The Doors
Riders on the Storm,The Doors
Roadhouse Blues,The Doors
Soul Kitchen,The Doors
The Crystal Ship,The Doors
Touch Me,The Doors
Free Ride,The Edgar Winter Group
Body Like That,The Eiffels
F.C.P.R.E.M.I.X.,The Fall of Troy
Yoshimi Battles the Pink Robots Pt. 1,The Flaming Lips
Chelsea Dagger,The Fratellis
Creepin' Up the Backstairs,The Fratellis
Flathead,The Fratellis
Henrietta,The Fratellis
S.O.S,The Glorious Sons
"Die, All Right!",The Hives
Main Offender,The Hives
Tick Tick Boom,The Hives
Shout,The Isley Brothers
Centerfold,The J. Geils Band
Love Stinks,The J. Geils Band
Crosstown Traffic,The Jimi Hendrix Experience
Fire,The Jimi Hendrix Experience
All These Things That I've Done,The Killers
Caution,The Killers
Mr. Brightside,The Killers
Smile Like You Mean It,The Killers
Somebody Told Me,The Killers
Spaceman,The Killers
When You Were Young,The Killers
My Sharona,The Knack
29 Fingers,The Konks
Naïve,The Kooks
How We'd Look On Paper,The Main Drag
The Impression That I Get,The Mighty Mighty Bosstones
Last Train to Clarksville,The Monkees
Time We Had,The Mother Hips
Outer Space,The Muffs
Sweater Weather,The Neighbourhood
Electric Version,The New Pornographers
A Lot Like Me,The Offspring
All I Want,The Offspring
Come Out and Play (Keep 'Em Separated),The Offspring
Days Go By,The Offspring
Gone Away,The Offspring
Hammerhead,The Offspring
Let the Bad Times Roll,The Offspring
Pretty Fly (For a White Guy),The Offspring
Self Esteem,The Offspring
The Kids Aren't Alright,The Offspring
You're Gonna Go Far Kid,The Offspring
Your Love,The Outfield
Green Grass and High Tides,The Outlaws
Can't Stand Losing You,The Police
Don't Stand So Close to Me,The Police
Every Breath You Take,The Police
Every Little Thing She Does Is Magic,The Police
Message in a Bottle,The Police
Next to You,The Police
Roxanne,The Police
So Lonely,The Police
Synchronicity II,The Police
Truth Hits Everybody,The Police
Walking on the Moon,The Police
Feather Pluck'n,"The Presidents of the
United States of America"
Blue Christmas,The Pretenders
Crash,The Primitives
I'm Gonna Be (500 Miles),The Proclaimers
Light Up the Night,The Protomen
Many Shades of Black,The Raconteurs
Salute Your Solution,The Raconteurs
"Steady, As She Goes",The Raconteurs
Last Dance,The Raveonettes
Hour of Rats,The Red Chord
I'll Be There for You (Friends Theme Song),The Remembrandts
Kids Don't Follow,The Replacements
Gimme Shelter,The Rolling Stones
What I Like About You,The Romantics
Australia,The Shins
New Slang,The Shins
Stop Me If You Think You've Heard This One Before,The Smiths
This Charming Man,The Smiths
Living in America,The Sounds
Bad Decisions,The Strokes
Reptilia,The Strokes
Under Cover of Darkness,The Strokes
Body Talks,The Struts
Chelsea,The Summer Set
Wild Thing,The Troggs
Novocaine,The Unlikely Candidates
Blood on My Hands,The Used
Born to Quit,The Used
The Bird and the Worm,The Used
The Taste of Ink,The Used
Turning Japanese,The Vapors
Get Free,The Vines
C'mon C'mon,The Von Bondies
Free Falling,The Warning
Survive,The Warning
"Closer, Closer",The Warning Shots
Blinding Lights,The Weeknd
Dead Leaves and the Dirty Ground,The White Stripes
Fell in Love with a Girl,The White Stripes
Icky Thump,The White Stripes
Seven Nation Army,The White Stripes
The Hardest Button to Button,The White Stripes
You Don't Know What Love Is (You Just Do as You're Told),The White Stripes
Baba O'Riley,The Who
Behind Blue Eyes,The Who
I Can See for Miles,The Who
My Generation (Live at Leeds),The Who
The Seeker,The Who
The Who Super Bowl S-mashup,The Who
Who Are You,The Who
Won't Get Fooled Again,The Who
Oldest Daughter,The Wonder Years
Valerie,The Zutons
Dead End Friends,Them Crooked Vultures
New Fang,Them Crooked Vultures
Yomp,Thenewno2
History of Violence,Theory of a Deadman
The Boys Are Back In Town (Live),Thin Lizzy
Jumper,Third Eye Blind
Never Let You Go,Third Eye Blind
Semi-Charmed Life,Third Eye Blind
Fire It Up,Thousand Foot Krutch
Image of the Invisible,Thrice
Alone Time,Tigerman WOAH
Pistol Whipped,Tijuana Sweetheart
Save Yourself,tiLLie
Timmy and the Lords of the Underworld,"Timmy and the Lords
of the Underworld"
Medicine,Tiny Moving Parts
Stevie Sees,Toad and the Stooligans
Possum Kingdom,Toadies
Humanoid,Tokio Hotel
Free Fallin',Tom Petty
I Won't Back Down,Tom Petty
Runnin' Down a Dream,Tom Petty
American Girl (Live),Tom Petty and the Heartbreakers
Breakdown (Live),Tom Petty and the Heartbreakers
Here Comes My Girl (Live),Tom Petty and the Heartbreakers
I Need to Know,Tom Petty and the Heartbreakers
Learning To Fly,Tom Petty and the Heartbreakers
Mary Jane's Last Dance (Live),Tom Petty and the Heartbreakers
Refugee (Live),Tom Petty and the Heartbreakers
867-5309/Jenny,Tommy Tutone
Africa,Toto
Hold the Line,Toto
Rosanna,Toto
Drops of Jupiter,Train
Who's Going Home with You Tonight?,Trapt
Wasted Again,Turbonegro
Heathens,Twenty One Pilots
Level of Concern,Twenty One Pilots
Ride,Twenty One Pilots
Stressed Out,Twenty One Pilots
California (There Is No End to Love),U2
Cedarwood Road,U2
Desire,U2
I Will Follow,U2
One,U2
Pride (In the Name of Love),U2
Sunday Bloody Sunday,U2
The Miracle (Of Joey Ramone),U2
Vertigo,U2
Where the Streets Have No Name,U2
Writing on the Walls,Underoath
A-Punk,Vampire Weekend
Harmony Hall,Vampire Weekend
Hot for Teacher,Van Halen
Panama,Van Halen
Brown Eyed Girl,Van Morrison
Circles,Varials
Everything You Want,Vertical Horizon
Blister in the Sun,Violent Femmes
A Warrior's Call,Volbeat
Different Colors,Walk the Moon
Shut Up and Dance,Walk the Moon
Pictures of Girls,Wallows
Low Rider,WAR
Cherry Pie,Warrant
Werewolves of London,Warren Zevon
Check Yes Juliet,We the Kings
Spin,We the Kings
(If You're Wondering If I Want You To) I Want You To,Weezer
Africa,Weezer
All My Favorite Songs,Weezer
Back to the Shack,Weezer
Beverly Hills,Weezer
Buddy Holly,Weezer
Dope Nose,Weezer
Dreamin',Weezer
El Scorcho,Weezer
Hash Pipe,Weezer
Island in the Sun,Weezer
King of the World,Weezer
Let It All Hang Out,Weezer
My Name Is Jonas,Weezer
Perfect Situation,Weezer
Pork and Beans,Weezer
Say It Ain't So,Weezer
Thank God for Girls,Weezer
The End of the Game,Weezer
The Greatest Man That Ever Lived,Weezer
Troublemaker,Weezer
Undone - The Sweater Song,Weezer
Teenage Dirtbag (2020),Wheatus
Constant Disaster,When Particles Collide
At Night in Dreams,White Denim
Might Be Right,White Reaper
More Human Than Human,White Zombie
Super-Charger Heaven,White Zombie
Thunder Kiss '65,White Zombie
Here I Go Again,Whitesnake
I Wanna Dance with Somebody (Who Loves Me),Whitney Houston
Play That Funky Music,Wild Cherry
Joker & the Thief,Wolfmother
New Moon Rising,Wolfmother
Pilgrim,Wolfmother
Sundial,Wolfmother
White Unicorn,Wolfmother
Woman,Wolfmother
Black Corridor,Worshipper
Renegades,X Ambassadors
Maps,Yeah Yeah Yeahs
Ocean Avenue,Yellowcard
Only One,Yellowcard
Owner of a Lonely Heart,Yes
Roundabout,Yes
My Body,Young The Giant
Superposition,Young The Giant
Chicken Fried,Zac Brown Band
Homegrown,Zac Brown Band
The Wind,Zac Brown Band